PetID,Pets Name,Date of Birth,Breed,Profile Image,csvFile
0,Dutton,2/24/2023,Schnauzer,images\puppy1.jpg,data\Dutton.csv
1,Max,5/18/2021,Poodle,images\puppy3.jpg,data\Max.csv
2,Oliver,12/6/2022,St. Bernard,images\puppy4.jpg,data\Oliver.csv
3,Buster,12/6/2022,St. Bernard,images\puppy2.jpg,data\Buster.csv
4,Jesse,10/22/2023,Cute ass dog,images\puppy7.jpg,Jesse.csv
2,Oliver,12/6/2022,St. Bernard,images\puppy5.jpg,data\Oliver.csv
3,Buster,12/6/2022,St. Bernard,images\puppy8.jpg,data\Buster.csv
3,Buster,12/6/2022,St. Bernard,images\puppy9.jpg,data\Buster.csv
4,Jesse,10/22/2023,Cute ass dog,images\puppy10.jpg,Jesse.csv
